name,accuracy,precision,recall,f1_score
ResNet50,0.625,0.625,1.0,0.7692307692307693
VGG16,0.8269230769230769,0.8147321428571429,0.9358974358974359,0.8711217183770883
