{
  "accuracy": 0.8269230769230769,
  "precision": 0.8147321428571429,
  "recall": 0.9358974358974359,
  "f1_score": 0.8711217183770883
}